timestamp,tenant_count,attacker_rate,worker,completed,errors,duration_sec,throughput_mps
1779595143,1,0,tenant1,162518,3,60.000024,2708.632236
1779595143,1,0,tenant5,0,9,63.141573,0.0
1779595143,1,0,tenant4,0,9,68.787632,0.0
1779594365,1,0,tenant1,200000,0,60.000061,3333.329961
1779594365,1,0,tenant5,0,9,63.141573,0.0
1779594365,1,0,tenant4,0,9,68.787632,0.0
1779594365,1,0,tenant3,0,11,65.622055,0.0
1779594365,1,0,tenant2,0,10,60.844361,0.0
1779591049,1,0,tenant1,200000,0,60.000062,3333.329867
1779591049,1,0,tenant3,3333,0,30.000148,111.099452
1779591049,1,0,tenant2,3333,0,30.000081,111.099699
1779591195,1,0,tenant1,388711,0,60.00014,6478.501523
1779594531,1,0,tenant1,213821,4,60.000048,3563.680482
1779594531,1,0,tenant5,0,9,63.141573,0.0
1779594531,1,0,tenant4,0,9,68.787632,0.0
1779594531,1,0,tenant3,0,11,65.622055,0.0
1779594531,1,0,tenant2,0,10,60.844361,0.0
1779591257,1,5000,tenant1,386902,0,60.000057,6448.360578
1779594593,1,5000,tenant1,368728,0,60.00004,6145.462549
1779594593,1,5000,tenant5,0,9,63.141573,0.0
1779594593,1,5000,tenant4,0,9,68.787632,0.0
1779594593,1,5000,tenant3,0,11,65.622055,0.0
1779594593,1,5000,tenant2,0,10,60.844361,0.0
1779595205,1,5000,tenant1,319459,0,60.000177,5324.300923
1779595205,1,5000,tenant5,0,9,63.141573,0.0
1779595205,1,5000,tenant4,0,9,68.787632,0.0
1779594428,1,5000,tenant1,298624,0,60.000049,4977.062639
1779594428,1,5000,tenant5,0,9,63.141573,0.0
1779594428,1,5000,tenant4,0,9,68.787632,0.0
1779594428,1,5000,tenant3,0,11,65.622055,0.0
1779594428,1,5000,tenant2,0,10,60.844361,0.0
1779595267,1,10000,tenant1,306355,0,60.00044,5105.879189
1779595267,1,10000,tenant5,0,9,63.141573,0.0
1779595267,1,10000,tenant4,0,9,68.787632,0.0
1779594490,1,10000,tenant1,325298,0,60.000043,5421.62947
1779594490,1,10000,tenant5,0,9,63.141573,0.0
1779594490,1,10000,tenant4,0,9,68.787632,0.0
1779594490,1,10000,tenant3,0,11,65.622055,0.0
1779594490,1,10000,tenant2,0,10,60.844361,0.0
1779594655,1,10000,tenant1,370244,0,60.000066,6170.726587
1779594655,1,10000,tenant5,0,9,63.141573,0.0
1779594655,1,10000,tenant4,0,9,68.787632,0.0
1779594655,1,10000,tenant3,0,11,65.622055,0.0
1779594655,1,10000,tenant2,0,10,60.844361,0.0
1779591111,1,10000,tenant1,348903,0,60.000077,5815.042585
1779591111,1,10000,tenant3,3333,0,30.000148,111.099452
1779591111,1,10000,tenant2,3333,0,30.000081,111.099699
1779591319,1,10000,tenant1,377839,0,60.000047,6297.311769
1779594717,1,15000,tenant1,360507,0,60.000137,6008.436278
1779594717,1,15000,tenant5,0,9,63.141573,0.0
1779594717,1,15000,tenant4,0,9,68.787632,0.0
1779594717,1,15000,tenant3,0,11,65.622055,0.0
1779594717,1,15000,tenant2,0,10,60.844361,0.0
1779594552,1,15000,tenant1,371039,0,60.00008,6183.975053
1779594552,1,15000,tenant5,0,9,63.141573,0.0
1779594552,1,15000,tenant4,0,9,68.787632,0.0
1779594552,1,15000,tenant3,0,11,65.622055,0.0
1779594552,1,15000,tenant2,0,10,60.844361,0.0
1779591381,1,15000,tenant1,372681,0,60.000116,6211.33796
1779595329,1,15000,tenant1,282040,0,60.000828,4700.601768
1779595329,1,15000,tenant5,0,9,63.141573,0.0
1779595329,1,15000,tenant4,0,9,68.787632,0.0
1779594614,1,20000,tenant1,372154,0,60.00003,6202.563541
1779594614,1,20000,tenant5,0,9,63.141573,0.0
1779594614,1,20000,tenant4,0,9,68.787632,0.0
1779594614,1,20000,tenant3,0,11,65.622055,0.0
1779594614,1,20000,tenant2,0,10,60.844361,0.0
1779594779,1,20000,tenant1,358181,0,60.000055,5969.677841
1779594779,1,20000,tenant5,0,9,63.141573,0.0
1779594779,1,20000,tenant4,0,9,68.787632,0.0
1779594779,1,20000,tenant3,0,11,65.622055,0.0
1779594779,1,20000,tenant2,0,10,60.844361,0.0
1779591173,1,20000,tenant1,369640,0,60.000082,6160.65828
1779591173,1,20000,tenant3,3333,0,30.000148,111.099452
1779591173,1,20000,tenant2,3333,0,30.000081,111.099699
1779595392,1,20000,tenant1,255871,0,60.000149,4264.506084
1779595392,1,20000,tenant5,0,9,63.141573,0.0
1779595392,1,20000,tenant4,0,9,68.787632,0.0
1779591444,1,20000,tenant1,370416,0,60.000058,6173.594002
1779591506,1,25000,tenant1,346620,0,60.000121,5776.988361
1779594841,1,25000,tenant1,357937,0,60.000101,5965.606651
1779594841,1,25000,tenant5,0,9,63.141573,0.0
1779594841,1,25000,tenant4,0,9,68.787632,0.0
1779594841,1,25000,tenant3,0,11,65.622055,0.0
1779594841,1,25000,tenant2,0,10,60.844361,0.0
1779595454,1,25000,tenant1,234689,0,60.00002,3911.482001
1779594676,1,25000,tenant1,365570,0,60.000023,6092.831022
1779594676,1,25000,tenant5,0,9,63.141573,0.0
1779594676,1,25000,tenant4,0,9,68.787632,0.0
1779594676,1,25000,tenant3,0,11,65.622055,0.0
1779594676,1,25000,tenant2,0,10,60.844361,0.0
1779594903,1,30000,tenant1,367681,0,60.000107,6128.005769
1779594903,1,30000,tenant5,0,9,63.141573,0.0
1779594903,1,30000,tenant4,0,9,68.787632,0.0
1779594738,1,30000,tenant1,360413,0,60.000153,6006.867982
1779594738,1,30000,tenant5,0,9,63.141573,0.0
1779594738,1,30000,tenant4,0,9,68.787632,0.0
1779594738,1,30000,tenant3,0,11,65.622055,0.0
1779594738,1,30000,tenant2,0,10,60.844361,0.0
1779595516,1,30000,tenant1,212290,0,60.000014,3538.165868
1779591568,1,30000,tenant1,214435,3,60.754516,3529.531857
1779591568,1,30000,tenant5,0,0,60.00008,0.0
1779591568,1,30000,tenant4,0,0,60.000291,0.0
1779591568,1,30000,tenant3,0,0,60.000149,0.0
1779591568,1,30000,tenant2,0,0,60.000072,0.0
1779594965,1,35000,tenant1,363602,0,60.000017,6060.031603
1779594965,1,35000,tenant5,0,9,63.141573,0.0
1779594965,1,35000,tenant4,0,9,68.787632,0.0
1779594800,1,35000,tenant1,358236,0,60.000141,5970.58593
1779594800,1,35000,tenant5,0,9,63.141573,0.0
1779594800,1,35000,tenant4,0,9,68.787632,0.0
1779594800,1,35000,tenant3,0,11,65.622055,0.0
1779594800,1,35000,tenant2,0,10,60.844361,0.0
1779595578,1,35000,tenant1,216018,0,60.000238,3600.285694
1779591630,1,35000,tenant5,0,0,60.00008,0.0
1779591630,1,35000,tenant4,0,0,60.000291,0.0
1779591630,1,35000,tenant3,0,0,60.000149,0.0
1779591630,1,35000,tenant2,0,0,60.000072,0.0
1779594862,1,40000,tenant1,353470,0,60.000046,5891.162172
1779594862,1,40000,tenant5,0,9,63.141573,0.0
1779594862,1,40000,tenant4,0,9,68.787632,0.0
1779594862,1,40000,tenant3,0,11,65.622055,0.0
1779594862,1,40000,tenant2,0,10,60.844361,0.0
1779595640,1,40000,tenant1,189715,0,60.000185,3161.9069
1779591692,1,40000,tenant5,0,0,60.00008,0.0
1779591692,1,40000,tenant4,0,0,60.000291,0.0
1779591692,1,40000,tenant3,0,0,60.000149,0.0
1779591692,1,40000,tenant2,0,0,60.000072,0.0
1779595027,1,40000,tenant1,359206,0,60.000032,5986.76346
1779595027,1,40000,tenant5,0,9,63.141573,0.0
1779595027,1,40000,tenant4,0,9,68.787632,0.0
1779591754,3,0,tenant1,0,10,68.311792,0.0
1779591754,3,0,tenant5,0,0,60.00008,0.0
1779591754,3,0,tenant4,0,0,60.000291,0.0
1779591235,3,0,tenant1,392442,0,60.000086,6540.690657
1779591235,3,0,tenant3,392358,0,60.000018,6539.298006
1779591235,3,0,tenant2,392460,0,60.000038,6540.995884
1779595703,3,0,tenant1,177972,0,60.000323,2966.184046
1779595703,3,0,tenant3,0,0,60.001827,0.0
1779595703,3,0,tenant2,0,0,60.000044,0.0
1779594924,3,0,tenant1,371733,0,60.000107,6195.538908
1779594924,3,0,tenant5,0,9,63.141573,0.0
1779594924,3,0,tenant4,0,9,68.787632,0.0
1779594924,3,0,tenant3,200000,0,60.000079,3333.328967
1779594924,3,0,tenant2,200000,0,60.000089,3333.328376
1779595089,3,0,tenant1,354759,0,60.00003,5912.647081
1779595089,3,0,tenant5,0,9,63.141573,0.0
1779595089,3,0,tenant4,0,9,68.787632,0.0
1779595089,3,0,tenant3,100737,0,60.000123,1678.946568
1779595089,3,0,tenant2,95394,0,60.000079,1589.897899
1779595151,3,5000,tenant1,186779,3,60.000056,3112.980428
1779595151,3,5000,tenant5,0,9,63.141573,0.0
1779595151,3,5000,tenant4,0,9,68.787632,0.0
1779595151,3,5000,tenant3,0,3,60.000008,0.0
1779595151,3,5000,tenant2,0,3,60.000238,0.0
1779591816,3,5000,tenant1,0,8,68.219479,0.0
1779591816,3,5000,tenant5,0,0,60.00008,0.0
1779591816,3,5000,tenant4,0,0,60.000291,0.0
1779591816,3,5000,tenant2,0,11,65.456305,0.0
1779595765,3,5000,tenant1,174170,0,60.000227,2902.822347
1779595765,3,5000,tenant3,0,0,60.002855,0.0
1779595765,3,5000,tenant2,0,0,60.000431,0.0
1779594987,3,5000,tenant1,364545,0,60.00008,6075.741921
1779594987,3,5000,tenant5,0,9,63.141573,0.0
1779594987,3,5000,tenant4,0,9,68.787632,0.0
1779594987,3,5000,tenant3,0,0,60.000201,0.0
1779594987,3,5000,tenant2,0,0,60.000051,0.0
1779595214,3,10000,tenant1,316323,0,60.000089,5272.042166
1779595214,3,10000,tenant5,0,9,63.141573,0.0
1779595214,3,10000,tenant4,0,9,68.787632,0.0
1779595214,3,10000,tenant3,0,0,60.000108,0.0
1779595214,3,10000,tenant2,0,0,60.000012,0.0
1779595049,3,10000,tenant1,369749,0,60.000143,6162.468685
1779595049,3,10000,tenant5,0,9,63.141573,0.0
1779595049,3,10000,tenant4,0,9,68.787632,0.0
1779595049,3,10000,tenant3,0,0,60.000143,0.0
1779595049,3,10000,tenant2,0,0,60.000016,0.0
1779591878,3,10000,tenant1,0,7,64.951651,0.0
1779591878,3,10000,tenant5,0,0,60.00008,0.0
1779591878,3,10000,tenant4,0,0,60.000291,0.0
1779591878,3,10000,tenant3,0,8,60.215704,0.0
1779591878,3,10000,tenant2,0,9,65.225537,0.0
1779595827,3,10000,tenant1,155765,0,60.000195,2596.074904
1779595827,3,10000,tenant3,0,0,60.000186,0.0
1779595827,3,10000,tenant2,0,0,60.000215,0.0
1779591298,3,10000,tenant1,385622,0,60.000101,6427.022508
1779591298,3,10000,tenant3,7642,0,60.00003,127.366604
1779591298,3,10000,tenant2,7540,0,60.000136,125.666382
1779595889,3,15000,tenant1,146600,0,60.000171,2443.326353
1779595889,3,15000,tenant3,0,0,60.000257,0.0
1779595889,3,15000,tenant2,0,0,60.000345,0.0
1779595276,3,15000,tenant1,292698,0,60.000034,4878.297269
1779595276,3,15000,tenant5,0,9,63.141573,0.0
1779595276,3,15000,tenant4,0,9,68.787632,0.0
1779595276,3,15000,tenant3,0,0,60.000001,0.0
1779595276,3,15000,tenant2,0,0,60.000033,0.0
1779595111,3,15000,tenant1,320077,0,60.00012,5334.60603
1779595111,3,15000,tenant5,0,9,63.141573,0.0
1779595111,3,15000,tenant4,0,9,68.787632,0.0
1779595111,3,15000,tenant3,99263,0,60.000054,1654.381841
1779595111,3,15000,tenant2,104606,0,60.000154,1743.428848
1779591940,3,15000,tenant1,0,9,62.186448,0.0
1779591940,3,15000,tenant5,0,0,60.00008,0.0
1779591940,3,15000,tenant4,0,0,60.000291,0.0
1779591940,3,15000,tenant2,0,9,65.584308,0.0
1779592003,3,20000,tenant1,0,8,68.059247,0.0
1779592003,3,20000,tenant5,0,0,60.00008,0.0
1779592003,3,20000,tenant4,0,0,60.000291,0.0
1779592003,3,20000,tenant3,0,9,63.873723,0.0
1779592003,3,20000,tenant2,0,11,63.683407,0.0
1779595173,3,20000,tenant1,331927,0,60.000015,5532.115284
1779595173,3,20000,tenant5,0,9,63.141573,0.0
1779595173,3,20000,tenant4,0,9,68.787632,0.0
1779595173,3,20000,tenant3,0,0,60.000096,0.0
1779595173,3,20000,tenant2,0,0,60.000745,0.0
1779595338,3,20000,tenant1,270987,0,60.000116,4516.441251
1779595338,3,20000,tenant5,0,9,63.141573,0.0
1779595338,3,20000,tenant4,0,9,68.787632,0.0
1779595338,3,20000,tenant3,0,0,60.000065,0.0
1779595338,3,20000,tenant2,0,0,60.000129,0.0
1779595952,3,20000,tenant1,143193,0,60.000067,2386.547337
1779595952,3,20000,tenant3,0,0,60.000223,0.0
1779595952,3,20000,tenant2,0,0,60.00017,0.0
1779591360,3,20000,tenant1,370301,0,60.000121,6171.67087
1779591360,3,20000,tenant3,0,0,60.000082,0.0
1779591360,3,20000,tenant2,0,0,60.000058,0.0
1779596014,3,25000,tenant1,130060,0,60.000009,2167.666327
1779596014,3,25000,tenant5,0,0,60.000985,0.0
1779596014,3,25000,tenant4,0,0,60.000264,0.0
1779596014,3,25000,tenant3,0,0,60.000029,0.0
1779596014,3,25000,tenant2,0,0,60.000476,0.0
1779595400,3,25000,tenant1,247378,0,60.00098,4122.899311
1779595400,3,25000,tenant5,0,9,63.141573,0.0
1779595400,3,25000,tenant4,0,9,68.787632,0.0
1779595400,3,25000,tenant3,0,0,60.000056,0.0
1779595400,3,25000,tenant2,0,0,60.000283,0.0
1779592065,3,25000,tenant1,0,10,63.598941,0.0
1779592065,3,25000,tenant5,0,0,60.00008,0.0
1779592065,3,25000,tenant4,0,0,60.000291,0.0
1779592065,3,25000,tenant3,0,8,65.146836,0.0
1779592065,3,25000,tenant2,0,8,65.848304,0.0
1779595236,3,25000,tenant1,286396,0,60.000472,4773.229083
1779595236,3,25000,tenant5,0,9,63.141573,0.0
1779595236,3,25000,tenant4,0,9,68.787632,0.0
1779595236,3,25000,tenant3,0,0,60.000066,0.0
1779595236,3,25000,tenant2,0,0,60.000031,0.0
1779592127,3,30000,tenant1,0,10,62.63656,0.0
1779592127,3,30000,tenant5,0,0,60.00008,0.0
1779592127,3,30000,tenant4,0,0,60.000291,0.0
1779592127,3,30000,tenant3,0,7,63.857361,0.0
1779592127,3,30000,tenant2,0,8,62.668661,0.0
1779596076,3,30000,tenant5,0,8,65.773131,0.0
1779596076,3,30000,tenant2,0,6,64.035957,0.0
1779595298,3,30000,tenant1,293942,0,60.00005,4899.029217
1779595298,3,30000,tenant5,0,9,63.141573,0.0
1779595298,3,30000,tenant4,0,9,68.787632,0.0
1779595298,3,30000,tenant3,0,0,60.000106,0.0
1779595298,3,30000,tenant2,0,0,60.000118,0.0
1779595462,3,30000,tenant1,238115,0,60.00011,3968.576077
1779595462,3,30000,tenant3,0,0,60.000029,0.0
1779595462,3,30000,tenant2,0,0,60.00009,0.0
1779596138,3,35000,tenant1,0,8,62.078386,0.0
1779596138,3,35000,tenant5,0,8,63.010042,0.0
1779596138,3,35000,tenant2,0,8,61.993221,0.0
1779595360,3,35000,tenant1,258423,0,60.000136,4307.040236
1779595360,3,35000,tenant5,0,9,63.141573,0.0
1779595360,3,35000,tenant4,0,9,68.787632,0.0
1779595360,3,35000,tenant3,0,0,60.000154,0.0
1779595360,3,35000,tenant2,0,0,60.000017,0.0
1779592189,3,35000,tenant1,0,10,65.046136,0.0
1779592189,3,35000,tenant5,0,0,60.00008,0.0
1779592189,3,35000,tenant4,0,0,60.000291,0.0
1779592189,3,35000,tenant3,0,8,62.671945,0.0
1779595524,3,35000,tenant1,212626,0,60.00049,3543.737747
1779595524,3,35000,tenant3,0,0,60.000019,0.0
1779595524,3,35000,tenant2,0,0,60.000104,0.0
1779592251,3,40000,tenant1,0,8,64.806098,0.0
1779592251,3,40000,tenant5,0,0,60.00008,0.0
1779592251,3,40000,tenant4,0,0,60.000291,0.0
1779592251,3,40000,tenant3,0,10,64.890877,0.0
1779592251,3,40000,tenant2,0,10,64.602812,0.0
1779595587,3,40000,tenant1,212518,0,60.000928,3541.911859
1779595587,3,40000,tenant3,0,0,60.000321,0.0
1779595587,3,40000,tenant2,0,0,60.000178,0.0
1779596200,3,40000,tenant1,0,8,60.694703,0.0
1779596200,3,40000,tenant5,0,9,66.348513,0.0
1779596200,3,40000,tenant4,0,10,63.436097,0.0
1779596200,3,40000,tenant3,0,9,63.111634,0.0
1779596200,3,40000,tenant2,0,9,60.441905,0.0
1779595422,3,40000,tenant1,235102,0,60.00015,3918.356894
1779595422,3,40000,tenant5,0,9,63.141573,0.0
1779595422,3,40000,tenant4,0,9,68.787632,0.0
1779595422,3,40000,tenant3,0,0,60.000035,0.0
1779595422,3,40000,tenant2,0,0,60.000052,0.0
1779591422,5,0,tenant1,377298,0,60.000126,6288.28679
1779591422,5,0,tenant5,379407,0,60.000124,6323.436887
1779591422,5,0,tenant4,380627,0,60.000022,6343.781027
1779591422,5,0,tenant3,0,0,60.000127,0.0
1779591422,5,0,tenant2,0,0,60.00004,0.0
1779596262,5,0,tenant3,0,8,60.414248,0.0
1779595484,5,0,tenant1,230860,0,60.000462,3847.637016
1779595484,5,0,tenant5,200000,0,60.000019,3333.33227
1779595484,5,0,tenant4,200000,0,60.000055,3333.330269
1779595484,5,0,tenant3,0,0,60.000171,0.0
1779595484,5,0,tenant2,0,0,60.000141,0.0
1779595649,5,0,tenant1,198059,0,60.00021,3300.971771
1779595649,5,0,tenant5,0,0,60.000365,0.0
1779595649,5,0,tenant4,0,0,60.00014,0.0
1779595649,5,0,tenant3,0,0,60.000295,0.0
1779595649,5,0,tenant2,0,0,60.000202,0.0
1779592313,5,0,tenant1,0,10,66.303809,0.0
1779592313,5,0,tenant3,0,7,62.141839,0.0
1779592313,5,0,tenant2,0,7,60.64203,0.0
1779596325,5,5000,tenant1,0,10,68.014708,0.0
1779596325,5,5000,tenant4,0,9,62.328915,0.0
1779596325,5,5000,tenant2,0,11,60.02586,0.0
1779592375,5,5000,tenant1,0,7,64.229955,0.0
1779592375,5,5000,tenant4,0,10,68.108738,0.0
1779592375,5,5000,tenant3,0,10,69.133544,0.0
1779595711,5,5000,tenant1,177633,0,60.000205,2960.539894
1779595711,5,5000,tenant5,0,0,60.000063,0.0
1779595711,5,5000,tenant4,0,0,60.000207,0.0
1779595711,5,5000,tenant3,0,0,60.000158,0.0
1779595711,5,5000,tenant2,0,0,60.000208,0.0
1779595547,5,5000,tenant1,210144,0,60.000046,3502.397312
1779595547,5,5000,tenant5,0,0,60.000041,0.0
1779595547,5,5000,tenant4,0,0,60.000033,0.0
1779595547,5,5000,tenant3,0,0,60.000234,0.0
1779595547,5,5000,tenant2,0,0,60.000208,0.0
1779592438,5,10000,tenant1,0,8,67.227616,0.0
1779592438,5,10000,tenant4,0,10,66.591201,0.0
1779595774,5,10000,tenant1,164943,0,60.000314,2749.035631
1779595774,5,10000,tenant5,0,0,60.000176,0.0
1779595774,5,10000,tenant4,0,0,60.000266,0.0
1779595774,5,10000,tenant3,0,0,60.000115,0.0
1779595774,5,10000,tenant2,0,0,60.000059,0.0
1779596387,5,10000,tenant5,0,10,68.951239,0.0
1779596387,5,10000,tenant4,0,8,66.043053,0.0
1779596387,5,10000,tenant3,0,12,65.141703,0.0
1779591484,5,10000,tenant1,351651,0,60.00005,5860.845143
1779591484,5,10000,tenant5,20593,0,60.000046,343.216405
1779591484,5,10000,tenant4,19373,0,60.000084,322.882882
1779591484,5,10000,tenant3,0,0,60.000142,0.0
1779591484,5,10000,tenant2,0,0,60.000034,0.0
1779595609,5,10000,tenant1,200364,0,60.000113,3339.3937
1779595609,5,10000,tenant5,0,0,60.000171,0.0
1779595609,5,10000,tenant4,0,0,60.000218,0.0
1779595609,5,10000,tenant3,0,0,60.000164,0.0
1779595609,5,10000,tenant2,0,0,60.000096,0.0
1779595672,5,15000,tenant1,182850,0,60.000058,3047.49706
1779595672,5,15000,tenant5,0,0,60.000214,0.0
1779595672,5,15000,tenant4,0,0,60.000018,0.0
1779595672,5,15000,tenant3,0,0,60.000095,0.0
1779595672,5,15000,tenant2,0,0,60.00047,0.0
1779592500,5,15000,tenant1,0,12,63.200164,0.0
1779592500,5,15000,tenant4,0,8,70.250031,0.0
1779592500,5,15000,tenant3,0,9,64.778921,0.0
1779592500,5,15000,tenant2,0,8,60.262464,0.0
1779595836,5,15000,tenant1,152024,0,60.000185,2533.72554
1779595836,5,15000,tenant5,0,0,60.001861,0.0
1779595836,5,15000,tenant4,0,0,60.000046,0.0
1779595836,5,15000,tenant3,0,0,60.000137,0.0
1779595836,5,15000,tenant2,0,0,60.000098,0.0
1779596449,5,15000,tenant1,0,10,66.801585,0.0
1779596449,5,15000,tenant5,0,8,62.767192,0.0
1779596449,5,15000,tenant4,0,9,67.99701,0.0
1779596449,5,15000,tenant3,0,8,67.168625,0.0
1779596449,5,15000,tenant2,0,10,64.70382,0.0
1779591546,5,20000,tenant1,328093,0,60.000012,5468.215618
1779591546,5,20000,tenant5,0,0,60.00008,0.0
1779591546,5,20000,tenant4,0,0,60.000291,0.0
1779591546,5,20000,tenant3,0,0,60.000149,0.0
1779591546,5,20000,tenant2,0,0,60.000072,0.0
1779595734,5,20000,tenant1,170408,0,60.000218,2840.123036
1779595734,5,20000,tenant5,0,0,60.000083,0.0
1779595734,5,20000,tenant4,0,0,60.000052,0.0
1779595734,5,20000,tenant3,0,0,60.000914,0.0
1779595734,5,20000,tenant2,0,0,60.000237,0.0
1779595898,5,20000,tenant1,147126,0,60.000279,2452.088595
1779595898,5,20000,tenant5,0,0,60.000228,0.0
1779595898,5,20000,tenant4,0,0,60.000212,0.0
1779595898,5,20000,tenant3,0,0,60.000295,0.0
1779595898,5,20000,tenant2,0,0,60.000253,0.0
1779592562,5,20000,tenant1,0,11,66.251119,0.0
1779592562,5,20000,tenant5,0,9,60.657757,0.0
1779592562,5,20000,tenant3,0,9,62.246615,0.0
1779596511,5,20000,tenant1,0,10,63.959051,0.0
1779596511,5,20000,tenant4,0,9,62.133006,0.0
1779596511,5,20000,tenant3,0,9,62.350986,0.0
1779596511,5,20000,tenant2,0,11,70.80883,0.0
1779596573,5,25000,tenant1,0,12,71.085942,0.0
1779596573,5,25000,tenant5,0,10,60.502924,0.0
1779596573,5,25000,tenant4,0,10,63.473101,0.0
1779596573,5,25000,tenant3,0,8,62.638752,0.0
1779596573,5,25000,tenant2,0,11,64.530996,0.0
1779592624,5,25000,tenant1,0,7,60.610546,0.0
1779592624,5,25000,tenant3,0,12,63.442021,0.0
1779595796,5,25000,tenant1,161739,0,60.000105,2695.645274
1779595796,5,25000,tenant5,0,0,60.000225,0.0
1779595796,5,25000,tenant4,0,0,60.000298,0.0
1779595796,5,25000,tenant3,0,0,60.000297,0.0
1779595796,5,25000,tenant2,0,0,60.000024,0.0
1779595961,5,25000,tenant1,133125,0,60.000024,2218.749117
1779595961,5,25000,tenant5,0,0,60.000351,0.0
1779595961,5,25000,tenant4,0,0,60.000087,0.0
1779595961,5,25000,tenant3,0,0,60.000052,0.0
1779595961,5,25000,tenant2,0,0,60.000236,0.0
1779592686,5,30000,tenant5,0,11,68.507431,0.0
1779592686,5,30000,tenant4,0,11,66.216473,0.0
1779592686,5,30000,tenant3,0,8,63.050448,0.0
1779592686,5,30000,tenant2,0,8,62.148585,0.0
1779596635,5,30000,tenant1,0,9,62.416208,0.0
1779596635,5,30000,tenant5,0,8,60.432525,0.0
1779596635,5,30000,tenant4,0,9,68.244049,0.0
1779596635,5,30000,tenant2,0,11,64.528179,0.0
1779596023,5,30000,tenant1,68794,5,65.283598,1053.771582
1779596023,5,30000,tenant5,0,0,60.000985,0.0
1779596023,5,30000,tenant4,0,6,60.468359,0.0
1779596023,5,30000,tenant3,0,5,65.496205,0.0
1779596023,5,30000,tenant2,0,5,64.853939,0.0
1779595859,5,30000,tenant1,150743,0,60.000481,2512.363194
1779595859,5,30000,tenant5,0,0,60.000177,0.0
1779595859,5,30000,tenant4,0,0,60.000216,0.0
1779595859,5,30000,tenant3,0,0,60.000063,0.0
1779595859,5,30000,tenant2,0,0,60.000125,0.0
1779596698,5,35000,tenant4,0,9,64.811092,0.0
1779596698,5,35000,tenant2,0,10,66.439395,0.0
1779592748,5,35000,tenant1,0,10,60.640541,0.0
1779592748,5,35000,tenant5,0,10,60.310282,0.0
1779592748,5,35000,tenant4,0,8,65.73441,0.0
1779592748,5,35000,tenant3,0,8,63.50811,0.0
1779592748,5,35000,tenant2,0,9,63.189666,0.0
1779596086,5,35000,tenant1,0,9,67.818705,0.0
1779596086,5,35000,tenant5,0,8,65.773131,0.0
1779596086,5,35000,tenant4,0,10,60.522059,0.0
1779596086,5,35000,tenant3,0,8,60.177546,0.0
1779596086,5,35000,tenant2,0,8,65.656264,0.0
1779595921,5,35000,tenant1,139002,0,60.000047,2316.698176
1779595921,5,35000,tenant5,0,0,60.000175,0.0
1779595921,5,35000,tenant4,0,0,60.000286,0.0
1779595921,5,35000,tenant3,0,0,60.000242,0.0
1779595921,5,35000,tenant2,0,0,60.000033,0.0
1779595984,5,40000,tenant1,130060,0,60.000009,2167.666327
1779595984,5,40000,tenant5,0,0,60.000985,0.0
1779595984,5,40000,tenant4,0,0,60.000264,0.0
1779595984,5,40000,tenant3,0,0,60.000029,0.0
1779595984,5,40000,tenant2,0,0,60.000476,0.0
1779592811,5,40000,tenant4,0,11,69.738528,0.0
1779592811,5,40000,tenant3,0,7,65.625177,0.0
1779592811,5,40000,tenant2,0,10,60.844361,0.0
1779596148,5,40000,tenant1,0,9,63.691012,0.0
1779596148,5,40000,tenant5,0,8,63.010042,0.0
1779596148,5,40000,tenant3,0,8,63.847766,0.0
1779596148,5,40000,tenant2,0,10,64.928493,0.0
1779596760,5,40000,tenant5,0,9,68.970598,0.0
1779596760,5,40000,tenant3,0,9,63.447002,0.0
1779596760,5,40000,tenant2,0,10,62.777043,0.0
